PassengerId,Survived,Pclass,Name,Age,SibSp,Parch,Fare,Sex_male,Embarked_Q,Embarked_S
892,0,3,"Kelly, Mr. James",0.45272319662402744,0,0,0.015281580671177828,1,1,0
893,1,3,"Wilkes, Mrs. James (Ellen Needs)",0.6175656072794409,1,0,0.013663090060062943,0,0,1
894,0,2,"Myles, Mr. Thomas Francis",0.815376500065937,0,0,0.018908740708122825,1,1,0
895,0,3,"Wirz, Mr. Albert",0.3538177502307794,0,0,0.016908073949327893,1,0,1
896,1,3,"Hirvonen, Mrs. Alexander (Helga E Lindqvist)",0.287880785968614,1,1,0.023983602730431916,0,0,1
897,0,3,"Svensson, Mr. Johan Cervin",0.18238164314914942,0,0,0.01800600082915438,1,0,1
898,1,3,"Connolly, Miss. Kate",0.3933799287880786,0,0,0.014891206669461744,0,1,0
899,0,2,"Caldwell, Mr. Albert Francis",0.34063035737834635,1,1,0.056604230248832196,1,0,1
900,1,3,"Abrahim, Mrs. Joseph (Sophie Halaut Easu)",0.23513121455888172,0,0,0.014110458666029575,0,0,0
901,0,3,"Davies, Mr. John Samuel",0.27469339311618096,2,0,0.04713766070721715,1,0,1
902,0,3,"Ilieff, Mr. Ylio",0.3538177502307794,0,0,0.015411575213749286,1,0,1
903,0,1,"Jones, Mr. Charles Cresson",0.6043782144270078,0,0,0.050748620223090936,1,0,1
904,1,1,"Snyder, Mrs. John Pillsbury (Nelle Stevenson)",0.3010681788210471,1,0,0.16057390443488287,0,0,1
905,0,2,"Howard, Mr. Benjamin",0.8285638929183701,1,0,0.050748620223090936,1,0,1
906,1,1,"Chaffee, Mrs. Herbert Fuller (Carrie Constance Toogood)",0.6175656072794409,1,0,0.11940564777490723,0,0,1
907,1,2,"del Carlo, Mrs. Sebastiano (Argenia Genovesi)",0.31425557167348017,1,0,0.05410739813385612,0,0,0
908,0,2,"Keane, Mr. Daniel",0.459316893050244,0,0,0.024105594605968193,1,1,0
909,0,3,"Assaf, Mr. Gerios",0.27469339311618096,0,0,0.014102260811993537,1,0,0
910,1,3,"Ilmakangas, Miss. Ida Livija",0.3538177502307794,1,0,0.015468569817999833,0,0,1
911,1,3,"Assaf Khalil, Mrs. Mariana (Miriam"")""",0.5911908215745747,0,0,0.014102260811993537,0,0,0
912,0,1,"Rothschild, Mr. Martin",0.7230647500989055,1,0,0.11594107850967697,1,0,0
913,0,3,"Olsen, Master. Artur Karl",0.11644467888698405,0,1,0.0061889894232067975,1,0,1
914,1,1,"Flegenheim, Mrs. Alfred (Antoinette)",0.3538177502307794,0,0,0.06184168304285603,0,0,1
915,0,1,"Williams, Mr. Richard Norris II",0.27469339311618096,0,1,0.11980421963065935,1,0,0
916,1,1,"Ryerson, Mrs. Arthur Larned (Emily Maria Borie)",0.630753000131874,1,3,0.5121218935012878,0,0,0
917,0,3,"Robins, Mr. Alexander A",0.6571277858367401,1,0,0.028302115124416098,1,0,1
918,1,1,"Ostby, Miss. Helene Ragnhild",0.287880785968614,0,1,0.1209753416358076,0,0,0
919,0,3,"Daher, Mr. Shedid",0.29447448239483054,0,0,0.014102260811993537,1,0,0
920,0,1,"Brady, Mr. John Bertram",0.5384412501648425,0,0,0.05953203526170282,1,0,1
921,0,3,"Samaan, Mr. Elias",0.3538177502307794,2,0,0.04231498029001666,1,0,0
922,0,2,"Louch, Mr. Charles Alexander",0.6571277858367401,1,0,0.050748620223090936,1,0,1
923,0,2,"Jefferys, Mr. Clifford Thomas",0.31425557167348017,2,0,0.061483905270283246,1,0,1
924,1,3,"Dean, Mrs. Bertram (Eva Georgetta Light)",0.43294210734537786,1,2,0.04015972542654215,0,0,1
925,1,3,"Johnston, Mrs. Andrew G (Elizabeth Lily"" Watson)""",0.3538177502307794,1,2,0.04577135170121086,0,0,1
926,0,1,"Mock, Mr. Philipp Edmund",0.3933799287880786,1,0,0.11272049299551928,1,0,0
927,0,3,"Katavelas, Mr. Vassilios (Catavelas Vassilios"")""",0.24172491098509827,0,0,0.014110458666029575,1,0,0
928,1,3,"Roth, Miss. Sarah A",0.3538177502307794,0,0,0.015712553569072387,0,0,1
929,1,3,"Cacic, Miss. Manda",0.27469339311618096,0,0,0.016908073949327893,0,0,1
930,0,3,"Sap, Mr. Julius",0.32744296452591326,0,0,0.018542765081513996,1,0,1
931,0,3,"Hee, Mr. Ling",0.3538177502307794,0,0,0.11027245763075773,1,0,1
932,0,3,"Karun, Mr. Franz",0.5120664644599763,0,1,0.026187654344120927,1,0,0
933,0,1,"Franklin, Mr. Thomas Parham",0.3538177502307794,0,0,0.051822148727810165,1,0,1
934,0,3,"Goldsmith, Mr. Nathan",0.5384412501648425,0,0,0.0153221795673563,1,0,1
935,1,2,"Corbett, Mrs. Walter H (Irene Colvin)",0.3933799287880786,0,0,0.025374310111545468,0,0,1
936,1,1,"Kimball, Mrs. Edwin Nelson Jr (Gertrude Parsons)",0.5911908215745747,1,0,0.10257896680493714,0,0,1
937,0,3,"Peltomaki, Mr. Nikolai Johannes",0.32744296452591326,0,0,0.015468569817999833,1,0,1
938,0,1,"Chevre, Mr. Paul Romaine",0.5911908215745747,0,0,0.057970539254838485,1,0,0
939,0,3,"Shaughnessy, Mr. Patrick",0.3538177502307794,0,0,0.015126992566498259,1,1,0
940,1,1,"Bucknell, Mrs. William Robert (Emma Eliza Ward)",0.7890017143610708,0,0,0.14891148113361488,0,0,0
941,1,3,"Coutts, Mrs. William (Winnie Minnie"" Treanor)""",0.47250428590267707,0,2,0.031034733136428686,0,0,1
942,0,1,"Smith, Mr. Lucien Philip",0.31425557167348017,1,0,0.11711220051482524,1,0,1
943,0,2,"Pulbaum, Mr. Franz",0.3538177502307794,0,0,0.029343047399992037,1,0,0
944,1,2,"Hocking, Miss. Ellen Nellie""""",0.2615060002637479,2,1,0.044893010197349675,0,0,1
945,1,1,"Fortune, Miss. Ethel Flora",0.36700514308321247,3,2,0.5133418122566507,0,0,1
946,0,2,"Mangiavacchi, Mr. Serafino Emilio",0.3538177502307794,0,0,0.03040857323767609,1,0,0
947,0,3,"Rice, Master. Albert",0.12963207173941713,4,1,0.05684821399990475,1,1,0
948,0,3,"Cor, Mr. Bartol",0.459316893050244,0,0,0.015411575213749286,1,0,1
949,0,3,"Abelseth, Mr. Olaus Jorgensen",0.32744296452591326,0,0,0.014931805565640218,1,0,1
950,0,3,"Davison, Mr. Thomas Henry",0.3538177502307794,1,0,0.031425107138144774,1,0,1
951,1,1,"Chaudanson, Miss. Victorine",0.47250428590267707,0,0,0.5121218935012878,0,0,0
952,0,3,"Dika, Mr. Mirko",0.22194382170644866,0,0,0.015411575213749286,1,0,1
953,0,2,"McCrae, Mr. Arthur Gordon",0.41975471449294477,0,0,0.026350245115835676,1,0,1
954,0,3,"Bjorklund, Mr. Ernst Herbert",0.23513121455888172,0,0,0.015126992566498259,1,0,1
955,1,3,"Bradley, Miss. Bridget Delia",0.287880785968614,0,0,0.015078195816283748,0,1,0
956,0,1,"Ryerson, Master. John Borie",0.16919425029671636,2,2,0.5121218935012878,1,0,0
957,1,2,"Corey, Mrs. Percy C (Mary Phyllis Elizabeth Miller)",0.3538177502307794,0,0,0.04098927018018883,0,0,1
958,1,3,"Burns, Miss. Mary Delia",0.23513121455888172,0,0,0.01537917417160685,0,1,0
959,0,1,"Moore, Mr. Clarence Bloomfield",0.6175656072794409,0,0,0.08275928836380983,1,0,1
960,0,1,"Tucker, Mr. Gilbert Milligan Jr",0.4065673216405117,0,0,0.05570149036986375,1,0,0
961,1,1,"Fortune, Mrs. Mark (Mary McDougald)",0.7890017143610708,1,4,0.5133418122566507,0,0,1
962,1,3,"Mulvihill, Miss. Bertha E",0.31425557167348017,0,0,0.015126992566498259,0,1,0
963,0,3,"Minkoff, Mr. Lazar",0.27469339311618096,0,0,0.015411575213749286,1,0,1
964,1,3,"Nieminen, Miss. Manta Josefina",0.38019253593564556,0,0,0.015468569817999833,0,0,1
965,0,1,"Ovies y Rodriguez, Mr. Servando",0.373598839509429,0,0,0.05410739813385612,1,0,0
966,1,1,"Geiger, Miss. Amalie",0.459316893050244,0,0,0.41282050681475896,0,0,0
967,0,1,"Keeping, Mr. Edwin",0.4263484109191613,0,0,0.41282050681475896,1,0,0
968,0,3,"Miles, Mr. Frank",0.3538177502307794,0,0,0.015712553569072387,1,0,1
969,1,1,"Cornell, Mrs. Robert Clifford (Malvina Helen Lamson)",0.7230647500989055,2,0,0.05016305922051681,0,0,1
970,0,2,"Aldworth, Mr. Charles Augustus",0.3933799287880786,0,0,0.025374310111545468,1,0,1
971,1,3,"Doyle, Miss. Elizabeth",0.31425557167348017,0,0,0.015126992566498259,0,1,0
972,0,3,"Boulos, Master. Akar",0.07688250032968483,1,1,0.029757819776815374,1,0,0
973,0,1,"Straus, Mr. Isidor",0.8813134643281024,1,0,0.4328841690069588,1,0,1
974,0,1,"Case, Mr. Howard Brown",0.643940392984307,0,0,0.050748620223090936,1,0,1
975,0,3,"Demetri, Mr. Marinko",0.3538177502307794,0,0,0.015411575213749286,1,0,1
976,0,2,"Lamb, Mr. John Joseph",0.3538177502307794,0,0,0.020901209612881715,1,1,0
977,0,3,"Khalil, Mr. Betros",0.3538177502307794,1,0,0.028212719478023115,1,0,0
978,1,3,"Barry, Miss. Julia",0.3538177502307794,0,0,0.01537917417160685,0,1,0
979,1,3,"Badman, Miss. Emily Louisa",0.23513121455888172,0,0,0.015712553569072387,0,0,1
980,1,3,"O'Donoghue, Ms. Bridget",0.3538177502307794,0,0,0.015126992566498259,0,1,0
981,0,2,"Wells, Master. Ralph Lester",0.024132928919952525,1,1,0.044893010197349675,1,0,1
982,1,3,"Dyker, Mrs. Adolf Fredrik (Anna Elisabeth Judith Andersson)",0.287880785968614,1,0,0.027130993119267845,0,0,1
983,0,3,"Pedersen, Mr. Olaf",0.3538177502307794,0,0,0.015175789316712771,1,0,1
984,1,1,"Davidson, Mrs. Thornton (Orian Hays)",0.3538177502307794,1,2,0.10149724044618187,0,0,1
985,0,3,"Guest, Mr. Robert",0.3538177502307794,0,0,0.015712553569072387,1,0,1
986,0,1,"Birnbaum, Mr. Jakob",0.32744296452591326,0,0,0.050748620223090936,1,0,0
987,0,3,"Tenglin, Mr. Gunnar Isidor",0.32744296452591326,0,0,0.015216388212891242,1,0,1
988,1,1,"Cavendish, Mrs. Tyrell William (Julia Florence Siegel)",1.0,1,0,0.15390495017656614,0,0,1
989,0,3,"Makinen, Mr. Kalle Edvard",0.38019253593564556,0,0,0.015468569817999833,1,0,1
990,1,3,"Braf, Miss. Elin Ester Maria",0.2615060002637479,0,0,0.015330377421392339,0,0,1
991,0,3,"Nancarrow, Mr. William Henry",0.43294210734537786,0,0,0.015712553569072387,1,0,1
992,1,1,"Stengel, Mrs. Charles Emil Henry (Annie May Morris)",0.5648160358697086,1,0,0.1082149914547131,0,0,0
993,0,2,"Weisz, Mr. Leopold",0.3538177502307794,1,0,0.050748620223090936,1,0,1
994,0,3,"Foley, Mr. William",0.3538177502307794,0,0,0.015126992566498259,1,1,0
995,0,3,"Johansson Palmquist, Mr. Oskar Leander",0.34063035737834635,0,0,0.015175789316712771,1,0,1
996,1,3,"Thomas, Mrs. Alexander (Thamine Thelma"")""",0.20875642885401557,1,1,0.016623491302076868,0,0,0
997,0,3,"Holthen, Mr. Johan Martin",0.36700514308321247,0,0,0.04396587194327397,1,0,1
998,0,3,"Buckley, Mr. Daniel",0.27469339311618096,0,0,0.015265184963105752,1,1,0
999,0,3,"Ryan, Mr. Edward",0.3538177502307794,0,0,0.015126992566498259,1,1,0
1000,0,3,"Willer, Mr. Aaron (Abi Weller"")""",0.3538177502307794,0,0,0.017005667449756914,1,0,1
1001,0,2,"Swane, Mr. George",0.24172491098509827,0,0,0.025374310111545468,1,0,1
1002,0,2,"Stanton, Mr. Samuel Ward",0.5384412501648425,0,0,0.02936744577509929,1,0,0
1003,1,3,"Shine, Miss. Ellen Natalia",0.3538177502307794,0,0,0.015183987170748809,0,1,0
1004,1,1,"Evans, Miss. Edith Corse",0.47250428590267707,0,0,0.06183368037582086,0,0,0
1005,1,3,"Buckley, Miss. Katherine",0.24172491098509827,0,0,0.014216054833493776,0,1,0
1006,1,1,"Straus, Mrs. Isidor (Rosalie Ida Blun)",0.8285638929183701,1,0,0.4328841690069588,0,0,1
1007,0,3,"Chronopoulos, Mr. Demetrios",0.23513121455888172,1,0,0.028212719478023115,1,0,0
1008,0,3,"Thomas, Mr. John",0.3538177502307794,0,0,0.012565163180236457,1,0,0
1009,1,3,"Sandstrom, Miss. Beatrice Irene",0.010945536067519452,1,1,0.03259622914329302,0,0,1
1010,0,1,"Beattie, Mr. Thomson",0.47250428590267707,0,0,0.1468620176246054,1,0,0
1011,1,2,"Chapman, Mrs. John Henry (Sara Elizabeth Lawry)",0.38019253593564556,1,0,0.050748620223090936,0,0,1
1012,1,2,"Watt, Miss. Bertha J",0.15600685744428328,0,0,0.030741952635141623,0,0,1
1013,0,3,"Kiernan, Mr. John",0.3538177502307794,1,0,0.015126992566498259,1,1,0
1014,1,1,"Schabert, Mrs. Paul (Emma Mock)",0.459316893050244,1,0,0.11272049299551928,0,0,0
1015,0,3,"Carver, Mr. Alfred John",0.36700514308321247,0,0,0.014151057562208049,1,0,1
1016,0,3,"Kennedy, Mr. John",0.3538177502307794,0,0,0.015126992566498259,1,1,0
1017,1,3,"Cribb, Miss. Laura Alice",0.22194382170644866,0,1,0.031425107138144774,0,0,1
1018,0,3,"Brobeck, Mr. Karl Rudolf",0.287880785968614,0,0,0.015216388212891242,1,0,1
1019,1,3,"McCoy, Miss. Alicia",0.3538177502307794,2,0,0.04538097769949478,0,1,0
1020,0,2,"Bowenur, Mr. Solomon",0.5516286430172755,0,0,0.025374310111545468,1,0,1
1021,0,3,"Petersen, Mr. Marius",0.31425557167348017,0,0,0.015712553569072387,1,0,1
1022,0,3,"Spinner, Mr. Henry John",0.41975471449294477,0,0,0.015712553569072387,1,0,1
1023,0,1,"Gracie, Col. Archibald IV",0.6966899643940393,0,0,0.055628295244541985,1,0,0
1024,1,3,"Lefebre, Mrs. Frank (Frances)",0.3538177502307794,0,4,0.049707687947515,0,0,1
1025,0,3,"Thomas, Mr. Charles P",0.3538177502307794,1,0,0.012565163180236457,1,0,0
1026,0,3,"Dintcheff, Mr. Valtcho",0.5648160358697086,0,0,0.015411575213749286,1,0,1
1027,0,3,"Carlsson, Mr. Carl Robert",0.31425557167348017,0,0,0.015330377421392339,1,0,1
1028,0,3,"Zakarian, Mr. Mapriededer",0.34722405380456284,0,0,0.014102260811993537,1,0,0
1029,0,2,"Schmidt, Mr. August",0.34063035737834635,0,0,0.025374310111545468,1,0,1
1030,1,3,"Drapkin, Miss. Jennie",0.3010681788210471,0,0,0.015712553569072387,0,0,1
1031,0,3,"Goodwin, Mr. Charles Frederick",0.5252538573124094,1,6,0.09154270340242172,1,0,1
1032,1,3,"Goodwin, Miss. Jessie Allis",0.12963207173941713,5,2,0.09154270340242172,0,0,1
1033,1,1,"Daniels, Miss. Sarah",0.43294210734537786,0,0,0.29580589980036276,0,0,1
1034,0,1,"Ryerson, Mr. Arthur Larned",0.8021891072135039,1,3,0.5121218935012878,1,0,0
1035,0,2,"Beauchamp, Mr. Henry James",0.36700514308321247,0,0,0.050748620223090936,1,0,1
1036,0,1,"Lindeberg-Lind, Mr. Erik Gustaf (Mr Edward Lingrey"")""",0.5516286430172755,0,0,0.051822148727810165,1,0,1
1037,0,3,"Vander Planke, Mr. Julius",0.4065673216405117,3,0,0.03513366015444757,1,0,1
1038,0,1,"Hilliard, Mr. Herbert Henry",0.3538177502307794,0,0,0.10122885832000206,1,0,1
1039,0,3,"Davies, Mr. Evan",0.287880785968614,0,0,0.015712553569072387,1,0,1
1040,0,1,"Crafton, Mr. John Bertram",0.3538177502307794,0,0,0.051822148727810165,1,0,1
1041,0,2,"Lahtinen, Rev. William",0.3933799287880786,1,1,0.050748620223090936,1,0,1
1042,1,1,"Earnshaw, Mrs. Boulton (Olive Potter)",0.3010681788210471,0,1,0.16231419173453318,0,0,0
1043,0,3,"Matinoff, Mr. Nicola",0.3538177502307794,0,0,0.015411575213749286,1,0,0
1044,0,3,"Storey, Mr. Thomas",0.7955954107872873,0,0,0.028212719478023115,1,0,1
1045,1,3,"Klasen, Mrs. (Hulda Kristina Eugenia Lofqvist)",0.47250428590267707,0,2,0.023780217875537836,0,0,1
1046,0,3,"Asplund, Master. Filip Oscar",0.16919425029671636,4,2,0.06126431989431795,1,0,1
1047,0,3,"Duquemin, Mr. Joseph",0.31425557167348017,0,0,0.014736618564782174,1,0,1
1048,1,1,"Bird, Miss. Ellen",0.38019253593564556,0,0,0.4328841690069588,0,0,1
1049,1,3,"Lundin, Miss. Olga Elida",0.3010681788210471,0,0,0.015330377421392339,0,0,1
1050,0,1,"Borebank, Mr. John James",0.5516286430172755,0,0,0.051822148727810165,1,0,1
1051,1,3,"Peacock, Mrs. Benjamin (Edith Nile)",0.34063035737834635,0,2,0.026887009368195294,0,0,1
1052,1,3,"Smyth, Miss. Julia",0.3538177502307794,0,0,0.015094396337354966,0,1,0
1053,0,3,"Touma, Master. Georges Youssef",0.0900698931821179,1,1,0.029757819776815374,1,0,0
1054,1,2,"Wright, Miss. Marion",0.34063035737834635,0,0,0.026350245115835676,0,0,1
1055,0,3,"Pearce, Mr. Ernest",0.3538177502307794,0,0,0.013663090060062943,1,0,1
1056,0,2,"Peruschitz, Rev. Joseph Maria",0.5384412501648425,0,0,0.025374310111545468,1,0,1
1057,1,3,"Kink-Heilmann, Mrs. Anton (Luise Heilmann)",0.34063035737834635,1,1,0.04298993693898376,0,0,1
1058,0,1,"Brandeis, Mr. Emil",0.630753000131874,0,0,0.09856123757927521,1,0,0
1059,0,3,"Ford, Mr. Edward Watson",0.23513121455888172,2,2,0.06709553154495196,1,0,1
1060,1,1,"Cassebeer, Mrs. Henry Arthur Jr (Eleanor Genevieve Fosdick)",0.3538177502307794,0,0,0.05410739813385612,0,0,0
1061,1,3,"Hellstrom, Miss. Hilda Maria",0.287880785968614,0,0,0.01749363495190202,0,0,1
1062,0,3,"Lithman, Mr. Simon",0.3538177502307794,0,0,0.014736618564782174,1,0,1
1063,0,3,"Zakarian, Mr. Ortin",0.3538177502307794,0,0,0.014102260811993537,1,0,0
1064,0,3,"Dyker, Mr. Adolf Fredrik",0.3010681788210471,1,0,0.027130993119267845,1,0,1
1065,0,3,"Torfa, Mr. Assad",0.3538177502307794,0,0,0.014110458666029575,1,0,0
1066,0,3,"Asplund, Mr. Carl Oscar Vilhelm Gustafsson",0.5252538573124094,1,5,0.06126431989431795,1,0,1
1067,1,2,"Brown, Miss. Edith Eileen",0.19556903600158249,0,2,0.07612293033463641,0,0,1
1068,1,2,"Sincock, Miss. Maude",0.2615060002637479,0,0,0.07173122281533045,0,0,1
1069,0,1,"Stengel, Mr. Charles Emil Henry",0.7098773572464724,1,0,0.1082149914547131,1,0,0
1070,1,2,"Becker, Mrs. Allen Oliver (Nellie E Baumgardner)",0.47250428590267707,0,3,0.07612293033463641,0,0,1
1071,1,1,"Compton, Mrs. Alexander Taylor (Mary Eliza Ingersoll)",0.8417512857708032,0,2,0.16231419173453318,0,0,0
1072,0,2,"McCrie, Mr. James Matthew",0.3933799287880786,0,0,0.025374310111545468,1,0,1
1073,0,1,"Compton, Mr. Alexander Taylor Jr",0.48569167875511016,1,1,0.16231419173453318,1,0,0
1074,1,1,"Marvin, Mrs. Daniel Warner (Mary Graham Carmichael Farquarson)",0.23513121455888172,1,0,0.10364429745562033,0,0,1
1075,0,3,"Lane, Mr. Patrick",0.3538177502307794,0,0,0.015126992566498259,1,1,0
1076,1,1,"Douglas, Mrs. Frederick Charles (Mary Helene Baxter)",0.3538177502307794,1,1,0.4831284260198326,0,0,0
1077,0,2,"Maybery, Mr. Frank Hubert",0.5252538573124094,0,0,0.03122992013728673,1,0,1
1078,1,2,"Phillips, Miss. Alice Frances Louisa",0.27469339311618096,0,1,0.04098927018018883,0,0,1
1079,0,3,"Davies, Mr. Joseph",0.22194382170644866,2,0,0.015712553569072387,1,0,1
1080,1,3,"Sage, Miss. Ada",0.3538177502307794,8,2,0.13575255909676825,0,0,1
1081,0,2,"Veal, Mr. James",0.5252538573124094,0,0,0.025374310111545468,1,0,1
1082,0,2,"Angle, Mr. William A",0.44612950019781095,1,0,0.050748620223090936,1,0,1
1083,0,1,"Salomon, Mr. Abraham L",0.3538177502307794,0,0,0.050748620223090936,1,0,1
1084,0,3,"van Billiard, Master. Walter John",0.14941316101806673,1,1,0.028302115124416098,1,0,1
1085,0,2,"Lingane, Mr. John",0.8021891072135039,0,0,0.024105594605968193,1,1,0
1086,0,2,"Drew, Master. Marshall Brines",0.10325728603455098,0,2,0.06343577527886367,1,0,1
1087,0,3,"Karlsson, Mr. Julius Konrad Eugen",0.43294210734537786,0,0,0.015330377421392339,1,0,1
1088,0,1,"Spedden, Master. Robert Douglas",0.07688250032968483,0,2,0.2625265161540666,1,0,0
1089,1,3,"Nilsson, Miss. Berta Olivia",0.23513121455888172,0,0,0.015175789316712771,0,0,1
1090,0,2,"Baimbrigge, Mr. Charles Robert",0.3010681788210471,0,0,0.020494635090094415,1,0,1
1091,1,3,"Rasmussen, Mrs. (Lena Jacobsen Solvang)",0.3538177502307794,0,0,0.015834545444608664,0,0,1
1092,1,3,"Murphy, Miss. Nora",0.3538177502307794,0,0,0.030253985132996517,0,1,0
1093,0,3,"Danbom, Master. Gilbert Sigvard Emanuel",0.002109982856389292,0,2,0.028106928123558056,1,0,1
1094,0,1,"Astor, Col. John Jacob",0.6175656072794409,1,0,0.4440992237022602,1,0,0
1095,1,2,"Quick, Miss. Winifred Vera",0.10325728603455098,1,1,0.050748620223090936,0,0,1
1096,0,2,"Andrew, Mr. Frank Thomas",0.32744296452591326,0,0,0.020494635090094415,1,0,1
1097,0,1,"Omont, Mr. Alfred Fernand",0.3538177502307794,0,0,0.05024445219987461,1,0,0
1098,1,3,"McGowan, Miss. Katherine",0.459316893050244,0,0,0.015126992566498259,0,1,0
1099,0,2,"Collett, Mr. Sidney C Stuart",0.31425557167348017,0,0,0.020494635090094415,1,0,1
1100,1,1,"Rosenbaum, Miss. Edith Louise",0.43294210734537786,0,0,0.05410739813385612,0,0,0
1101,0,3,"Delalic, Mr. Redjo",0.32744296452591326,0,0,0.015411575213749286,1,0,1
1102,0,3,"Andersen, Mr. Albert Karvin",0.41975471449294477,0,0,0.04396587194327397,1,0,1
1103,0,3,"Finoli, Mr. Luigi",0.3538177502307794,0,0,0.013760683560491965,1,0,1
1104,0,2,"Deacon, Mr. Percy William",0.22194382170644866,0,0,0.1434624456306609,1,0,1
1105,1,2,"Howard, Mrs. Benjamin (Ellen Truelove Arman)",0.7890017143610708,1,0,0.050748620223090936,0,0,1
1106,1,3,"Andersson, Miss. Ida Augusta Margareta",0.4988790716075432,4,2,0.015175789316712771,0,0,1
1107,0,1,"Head, Mr. Christopher",0.5516286430172755,0,0,0.08295447536466788,1,0,1
1108,1,3,"Mahon, Miss. Bridget Delia",0.3538177502307794,0,0,0.01537917417160685,0,1,0
1109,0,1,"Wick, Mr. George Dennick",0.7494395358037717,1,1,0.32179836714362564,1,0,1
1110,1,1,"Widener, Mrs. George Dunton (Eleanor Elkins)",0.6571277858367401,1,1,0.41282050681475896,0,0,0
1111,0,3,"Thomson, Mr. Alexander Morrison",0.3538177502307794,0,0,0.015712553569072387,1,0,1
1112,1,2,"Duran y More, Miss. Florentina",0.3933799287880786,1,0,0.027049600139910042,0,0,0
1113,0,3,"Reynolds, Mr. Harold J",0.27469339311618096,0,0,0.015712553569072387,1,0,1
1114,1,2,"Cook, Mrs. (Selena Rogers)",0.287880785968614,0,0,0.020494635090094415,0,0,1
1115,0,3,"Karlsson, Mr. Einar Gervasius",0.27469339311618096,0,0,0.015216388212891242,1,0,1
1116,1,1,"Candee, Mrs. Edward (Helen Churchill Hungerford)",0.6966899643940393,0,0,0.0535706338814965,0,0,0
1117,1,3,"Moubarek, Mrs. George (Omine Amenia"" Alexander)""",0.3538177502307794,0,2,0.029757819776815374,0,0,0
1118,0,3,"Asplund, Mr. Johan Charles",0.3010681788210471,0,0,0.015216388212891242,1,0,1
1119,1,3,"McNeill, Miss. Bridget",0.3538177502307794,0,0,0.015126992566498259,0,1,0
1120,0,3,"Everett, Mr. Thomas James",0.5318475537386259,0,0,0.029473237129564348,1,0,1
1121,0,2,"Hocking, Mr. Samuel James Metcalfe",0.47250428590267707,0,0,0.025374310111545468,1,0,1
1122,0,2,"Sweet, Mr. George Frederick",0.18238164314914942,0,0,0.12687155055772734,1,0,1
1123,1,1,"Willard, Miss. Constance",0.27469339311618096,0,0,0.051822148727810165,0,0,1
1124,0,3,"Wiklund, Mr. Karl Johan",0.27469339311618096,1,0,0.012678957201736696,1,0,1
1125,0,3,"Linehan, Mr. Michael",0.3538177502307794,0,0,0.01537917417160685,1,1,0
1126,0,1,"Cumings, Mr. John Bradley",0.5120664644599763,1,0,0.13913573538264068,1,0,0
1127,0,3,"Vendel, Mr. Olof Edvin",0.2615060002637479,0,0,0.015330377421392339,1,0,1
1128,0,1,"Warren, Mr. Frank Manley",0.8417512857708032,1,0,0.14687821814567664,1,0,0
1129,0,3,"Baccos, Mr. Raffull",0.2615060002637479,0,0,0.014102260811993537,1,0,0
1130,1,2,"Hiltunen, Miss. Marta",0.23513121455888172,1,1,0.025374310111545468,0,0,1
1131,1,1,"Douglas, Mrs. Walter Donald (Mahala Dutton)",0.630753000131874,1,0,0.20772776566317125,0,0,0
1132,1,1,"Lindstrom, Mrs. Carl Johan (Sigrid Posse)",0.7230647500989055,0,0,0.05410739813385612,0,0,0
1133,1,2,"Christy, Mrs. (Alice Frances)",0.5911908215745747,0,2,0.05855610025741262,0,0,1
1134,0,1,"Spedden, Mr. Frederic Oakley",0.5911908215745747,1,1,0.2625265161540666,1,0,0
1135,0,3,"Hyman, Mr. Abraham",0.3538177502307794,0,0,0.015395374692678068,1,0,1
1136,0,3,"Johnston, Master. William Arthur Willie""""",0.3538177502307794,1,2,0.04577135170121086,1,0,1
1137,0,1,"Kenyon, Mr. Frederick R",0.5384412501648425,1,0,0.10122885832000206,1,0,1
1138,1,2,"Karnes, Mrs. J Frank (Claire Bennett)",0.287880785968614,0,0,0.04098927018018883,0,0,1
1139,0,2,"Drew, Mr. James Vivian",0.5516286430172755,1,1,0.06343577527886367,1,0,1
1140,1,2,"Hold, Mrs. Stephen (Annie Margaret Hill)",0.38019253593564556,1,0,0.050748620223090936,0,0,1
1141,1,3,"Khalil, Mrs. Betros (Zahie Maria"" Elias)""",0.3538177502307794,1,0,0.028212719478023115,0,0,0
1142,1,2,"West, Miss. Barbara J",0.009890544639324808,1,2,0.05416439273810667,0,0,1
1143,0,3,"Abrahamsson, Mr. Abraham August Johannes",0.2615060002637479,0,0,0.015468569817999833,1,0,1
1144,0,1,"Clark, Mr. Walter Miller",0.3538177502307794,1,0,0.26697521827762305,1,0,0
1145,0,3,"Salander, Mr. Karl Johan",0.31425557167348017,0,0,0.01820118783001242,1,0,1
1146,0,3,"Wenzel, Mr. Linhart",0.4263484109191613,0,0,0.018542765081513996,1,0,1
1147,0,3,"MacKay, Mr. George William",0.3538177502307794,0,0,0.014736618564782174,1,0,1
1148,0,3,"Mahon, Mr. John",0.3538177502307794,0,0,0.015126992566498259,1,1,0
1149,0,3,"Niklasson, Mr. Samuel",0.36700514308321247,0,0,0.015712553569072387,1,0,1
1150,1,2,"Bentham, Miss. Lilian W",0.24831860741131478,0,0,0.025374310111545468,0,0,1
1151,0,3,"Midtsjo, Mr. Karl Albert",0.27469339311618096,0,0,0.015175789316712771,1,0,1
1152,0,3,"de Messemaeker, Mr. Guillaume Joseph",0.4790979823288936,1,0,0.033962538149299316,1,0,1
1153,0,3,"Nilsson, Mr. August Ferdinand",0.27469339311618096,0,0,0.015330377421392339,1,0,1
1154,1,2,"Wells, Mrs. Arthur Henry (Addie"" Dart Trevaskis)""",0.38019253593564556,0,2,0.044893010197349675,0,0,1
1155,1,3,"Klasen, Miss. Gertrud Emilia",0.010945536067519452,1,1,0.023780217875537836,0,0,1
1156,0,2,"Portaluppi, Mr. Emilio Ilario Giuseppe",0.3933799287880786,0,0,0.024861944234293106,1,0,0
1157,0,3,"Lyntakoff, Mr. Stanko",0.3538177502307794,0,0,0.015411575213749286,1,0,1
1158,0,1,"Chisholm, Mr. Roderick Robert Crispin",0.3538177502307794,0,0,0.0,1,0,1
1159,0,3,"Warren, Mr. Charles William",0.3538177502307794,0,0,0.014736618564782174,1,0,1
1160,1,3,"Howard, Miss. May Elizabeth",0.3538177502307794,0,0,0.015712553569072387,0,0,1
1161,0,3,"Pokrnic, Mr. Mate",0.22194382170644866,0,0,0.016908073949327893,1,0,1
1162,0,1,"McCaffry, Mr. Thomas Francis",0.6043782144270078,0,0,0.1468620176246054,1,0,0
1163,0,3,"Fox, Mr. Patrick",0.3538177502307794,0,0,0.015126992566498259,1,1,0
1164,1,1,"Clark, Mrs. Walter Miller (Virginia McDowell)",0.34063035737834635,1,0,0.26697521827762305,0,0,0
1165,1,3,"Lennon, Miss. Mary",0.3538177502307794,1,0,0.030253985132996517,0,1,0
1166,0,3,"Saade, Mr. Jean Nassr",0.3538177502307794,0,0,0.014102260811993537,1,0,0
1167,1,2,"Bryhl, Miss. Dagmar Jenny Ingeborg ",0.2615060002637479,1,0,0.050748620223090936,0,0,1
1168,0,2,"Parker, Mr. Clifford Richard",0.36700514308321247,0,0,0.020494635090094415,1,0,1
1169,0,2,"Faunthorpe, Mr. Harry",0.5252538573124094,1,0,0.050748620223090936,1,0,1
1170,0,2,"Ware, Mr. John James",0.3933799287880786,1,0,0.04098927018018883,1,0,1
1171,0,2,"Oxenham, Mr. Percy Thomas",0.287880785968614,0,0,0.020494635090094415,1,0,1
1172,1,3,"Oreskovic, Miss. Jelka",0.3010681788210471,0,0,0.016908073949327893,0,0,1
1173,0,3,"Peacock, Master. Alfred Edward",0.007648687854411184,1,1,0.026887009368195294,1,0,1
1174,1,3,"Fleming, Miss. Honora",0.3538177502307794,0,0,0.015126992566498259,0,1,0
1175,1,3,"Touma, Miss. Maria Youssef",0.11644467888698405,1,1,0.029757819776815374,0,0,0
1176,1,3,"Rosblom, Miss. Salli Helena",0.024132928919952525,1,1,0.039452172548431745,0,0,1
1177,0,3,"Dennis, Mr. William",0.47250428590267707,0,0,0.014151057562208049,1,0,1
1178,0,3,"Franklin, Mr. Charles (Charles Fardon)",0.3538177502307794,0,0,0.014151057562208049,1,0,1
1179,0,1,"Snyder, Mr. John Pillsbury",0.31425557167348017,1,0,0.16057390443488287,1,0,1
1180,0,3,"Mardirosian, Mr. Sarkis",0.3538177502307794,0,0,0.014110458666029575,1,0,0
1181,0,3,"Ford, Mr. Arthur",0.3538177502307794,0,0,0.015712553569072387,1,0,1
1182,0,1,"Rheims, Mr. George Alexander Lucien",0.3538177502307794,0,0,0.07729405233978466,1,0,1
1183,1,3,"Daly, Miss. Margaret Marcella Maggie""""",0.3933799287880786,0,0,0.013565496559633922,0,1,0
1184,0,3,"Nasr, Mr. Mustafa",0.3538177502307794,0,0,0.014110458666029575,1,0,0
1185,0,1,"Dodge, Dr. Washington",0.6966899643940393,1,1,0.15977676072337862,1,0,1
1186,0,3,"Wittevrongel, Mr. Camille",0.47250428590267707,0,0,0.018542765081513996,1,0,1
1187,0,3,"Angheloff, Mr. Minko",0.34063035737834635,0,0,0.015411575213749286,1,0,1
1188,1,2,"Laroche, Miss. Louise",0.010945536067519452,1,2,0.08115719346076702,0,0,0
1189,0,3,"Samaan, Mr. Hanna",0.3538177502307794,2,0,0.04231498029001666,1,0,0
1190,0,1,"Loring, Mr. Joseph Holland",0.3933799287880786,0,0,0.08881008539040913,1,0,1
1191,0,3,"Johansson, Mr. Nils",0.38019253593564556,0,0,0.015330377421392339,1,0,1
1192,0,3,"Olsson, Mr. Oscar Wilhelm",0.41975471449294477,0,0,0.015175789316712771,1,0,1
1193,0,2,"Malachard, Mr. Noel",0.3538177502307794,0,0,0.02936744577509929,1,0,0
1194,0,2,"Phillips, Mr. Escott Robert",0.5648160358697086,0,1,0.04098927018018883,1,0,1
1195,0,3,"Pokrnic, Mr. Tome",0.31425557167348017,0,0,0.016908073949327893,1,0,1
1196,1,3,"McCarthy, Miss. Catherine Katie""""",0.3538177502307794,0,0,0.015126992566498259,0,1,0
1197,1,1,"Crosby, Mrs. Edward Gifford (Catherine Elizabeth Halstead)",0.8417512857708032,1,1,0.051822148727810165,0,0,1
1198,0,1,"Allison, Mr. Hudson Joshua Creighton",0.3933799287880786,1,2,0.29580589980036276,1,0,1
1199,0,3,"Aks, Master. Philip Frank",0.008703679282605828,0,1,0.018249984580226933,1,0,1
1200,0,1,"Hays, Mr. Charles Melville",0.7230647500989055,1,1,0.18249984580226933,1,0,1
1201,1,3,"Hansen, Mrs. Claus Peter (Jennie L Howard)",0.5911908215745747,1,0,0.027537567642055148,0,0,1
1202,0,3,"Cacic, Mr. Jego Grga",0.23513121455888172,0,0,0.016908073949327893,1,0,1
1203,0,3,"Vartanian, Mr. David",0.287880785968614,0,0,0.014102260811993537,1,0,0
1204,0,3,"Sadowitz, Mr. Harry",0.3538177502307794,0,0,0.014785415314996686,1,0,1
1205,1,3,"Carr, Miss. Jeannie",0.48569167875511016,0,0,0.015126992566498259,0,1,0
1206,1,1,"White, Mrs. John Stuart (Ella Holmes)",0.7230647500989055,0,0,0.2647385704347907,0,0,0
1207,1,3,"Hagardon, Miss. Kate",0.22194382170644866,0,0,0.015094396337354966,0,1,0
1208,0,1,"Spencer, Mr. William Augustus",0.7494395358037717,1,0,0.2859895551532101,1,0,0
1209,0,2,"Rogers, Mr. Reginald Harry",0.24831860741131478,0,0,0.020494635090094415,1,0,1
1210,0,3,"Jonsson, Mr. Nils Hilding",0.3538177502307794,0,0,0.015330377421392339,1,0,1
1211,0,2,"Jefferys, Mr. Ernest Wilfred",0.287880785968614,2,0,0.061483905270283246,1,0,1
1212,0,3,"Andersson, Mr. Johan Samuel",0.34063035737834635,0,0,0.015175789316712771,1,0,1
1213,0,3,"Krekorian, Mr. Neshan",0.32744296452591326,0,0,0.014110458666029575,1,0,0
1214,0,2,"Nesson, Mr. Israel",0.34063035737834635,0,0,0.025374310111545468,1,0,1
1215,0,1,"Rowe, Mr. Alfred G",0.43294210734537786,0,0,0.051822148727810165,1,0,1
1216,1,1,"Kreuchen, Miss. Emilie",0.5120664644599763,0,0,0.41250332793836464,0,0,1
1217,0,3,"Assam, Mr. Ali",0.3010681788210471,0,0,0.013760683560491965,1,0,1
1218,1,2,"Becker, Miss. Ruth Elizabeth",0.15600685744428328,2,1,0.07612293033463641,0,0,1
1219,0,1,"Rosenshine, Mr. George (Mr George Thorne"")""",0.6043782144270078,0,0,0.15458810467956932,1,0,0
1220,0,2,"Clarke, Mr. Charles Valentine",0.38019253593564556,1,0,0.050748620223090936,1,0,1
1221,0,2,"Enander, Mr. Ingvar",0.27469339311618096,0,0,0.025374310111545468,1,0,1
1222,1,2,"Davies, Mrs. John Morgan (Elizabeth Agnes Mary White) ",0.630753000131874,0,2,0.07173122281533045,0,0,1
1223,0,1,"Dulles, Mr. William Crothers",0.5120664644599763,0,0,0.057970539254838485,1,0,0
1224,0,3,"Thomas, Mr. Tannous",0.3538177502307794,0,0,0.014102260811993537,1,0,0
1225,1,3,"Nakid, Mrs. Said (Waika Mary"" Mowad)""",0.24831860741131478,1,1,0.030725752114070404,0,0,0
1226,0,3,"Cor, Mr. Ivan",0.3538177502307794,0,0,0.015411575213749286,1,0,1
1227,0,1,"Maguire, Mr. John Edward",0.3933799287880786,0,0,0.050748620223090936,1,0,1
1228,0,2,"de Brito, Mr. Jose Joaquim",0.41975471449294477,0,0,0.025374310111545468,1,0,1
1229,0,3,"Elias, Mr. Joseph",0.5120664644599763,0,2,0.014110458666029575,1,0,0
1230,0,2,"Denbury, Mr. Herbert",0.32744296452591326,0,0,0.061483905270283246,1,0,1
1231,0,3,"Betros, Master. Seman",0.3538177502307794,0,0,0.014110458666029575,1,0,0
1232,0,2,"Fillbrook, Mr. Joseph Charles",0.23513121455888172,0,0,0.020494635090094415,1,0,1
1233,0,3,"Lundstrom, Mr. Thure Edvin",0.41975471449294477,0,0,0.014793613169032724,1,0,1
1234,0,3,"Sage, Mr. John George",0.3538177502307794,1,9,0.13575255909676825,1,0,1
1235,1,1,"Cardeza, Mrs. James Warburton Martinez (Charlotte Wardle Drake)",0.7626269286562047,0,1,1.0,0,0,0
1236,0,3,"van Billiard, Master. James William",0.3538177502307794,1,1,0.028302115124416098,1,0,1
1237,1,3,"Abelseth, Miss. Karen Marie",0.20875642885401557,0,0,0.014931805565640218,0,0,1
1238,0,2,"Botsford, Mr. William Hull",0.34063035737834635,0,0,0.025374310111545468,1,0,1
1239,1,3,"Whabee, Mrs. George Joseph (Shawneene Abi-Saab)",0.4988790716075432,0,0,0.014110458666029575,0,0,0
1240,0,2,"Giles, Mr. Ralph",0.31425557167348017,0,0,0.026350245115835676,1,0,1
1241,1,2,"Walcroft, Miss. Nellie",0.4065673216405117,0,0,0.04098927018018883,0,0,1
1242,1,1,"Greenfield, Mrs. Leo David (Blanche Strouse)",0.5911908215745747,0,1,0.12366716556464086,0,0,0
1243,0,2,"Stokes, Mr. Philip Joseph",0.32744296452591326,0,0,0.020494635090094415,1,0,1
1244,0,2,"Dibden, Mr. William",0.23513121455888172,0,0,0.1434624456306609,1,0,1
1245,0,2,"Herman, Mr. Samuel",0.643940392984307,1,2,0.12687155055772734,1,0,1
1246,1,3,"Dean, Miss. Elizabeth Gladys Millvina""""",0.0,1,2,0.04015972542654215,0,0,1
1247,0,1,"Julian, Mr. Henry Forbes",0.6571277858367401,0,0,0.050748620223090936,1,0,1
1248,1,1,"Brown, Mrs. John Murray (Caroline Lane Lamson)",0.7758143215086378,2,0,0.10048070654571319,0,0,1
1249,0,3,"Lockyer, Mr. Edward",0.3538177502307794,0,0,0.01537917417160685,1,0,1
1250,0,3,"O'Keefe, Mr. Patrick",0.3538177502307794,0,0,0.015126992566498259,1,1,0
1251,1,3,"Lindell, Mrs. Edvard Bengtsson (Elin Gerda Persson)",0.3933799287880786,1,0,0.030351578633425542,0,0,1
1252,0,3,"Sage, Master. William Henry",0.18897533957536597,8,2,0.13575255909676825,1,0,1
1253,1,2,"Mallet, Mrs. Albert (Antoinette Magnin)",0.31425557167348017,1,1,0.07222738817151159,0,0,0
1254,1,2,"Ware, Mrs. John James (Florence Louise Long)",0.4065673216405117,0,0,0.04098927018018883,0,0,1
1255,0,3,"Strilic, Mr. Ivan",0.3538177502307794,0,0,0.016908073949327893,1,0,1
1256,1,1,"Harder, Mrs. George Achilles (Dorothy Annan)",0.32744296452591326,1,0,0.1082149914547131,0,0,0
1257,1,3,"Sage, Mrs. John (Annie Bullen)",0.3538177502307794,1,9,0.13575255909676825,0,0,1
1258,0,3,"Caram, Mr. Joseph",0.3538177502307794,1,0,0.028220722145058292,1,0,0
1259,1,3,"Riihivouri, Miss. Susanna Juhantytar Sanni""""",0.287880785968614,0,0,0.07746484096553544,0,0,1
1260,1,1,"Gibson, Mrs. Leonard (Pauline C Boeson)",0.5911908215745747,0,1,0.11594107850967697,0,0,0
1261,0,2,"Pallas y Castello, Mr. Emilio",0.38019253593564556,0,0,0.027049600139910042,1,0,0
1262,0,2,"Giles, Mr. Edgar",0.27469339311618096,1,0,0.022446505098674838,1,0,1
1263,1,1,"Wilson, Miss. Helen Alice",0.4065673216405117,0,0,0.2625265161540666,0,0,0
1264,0,1,"Ismay, Mr. Joseph Bruce",0.643940392984307,0,0,0.0,1,0,1
1265,0,2,"Harbeck, Mr. William H",0.5780034287221416,0,0,0.025374310111545468,1,0,1
1266,1,1,"Dodge, Mrs. Washington (Ruth Vidaver)",0.7098773572464724,1,1,0.15977676072337862,0,0,1
1267,1,1,"Bowen, Miss. Grace Scott",0.5911908215745747,0,0,0.5121218935012878,0,0,0
1268,1,3,"Kink, Miss. Maria",0.287880785968614,2,0,0.016908073949327893,0,0,1
1269,0,2,"Cotterill, Mr. Henry Harry""""",0.27469339311618096,0,0,0.022446505098674838,1,0,1
1270,0,1,"Hipkins, Mr. William Edward",0.7230647500989055,0,0,0.09759350042902103,1,0,1
1271,0,3,"Asplund, Master. Carl Edgar",0.06369510747725175,4,2,0.06126431989431795,1,0,1
1272,0,3,"O'Connor, Mr. Patrick",0.3538177502307794,0,0,0.015126992566498259,1,1,0
1273,0,3,"Foley, Mr. Joseph",0.34063035737834635,0,0,0.01537917417160685,1,1,0
1274,1,3,"Risien, Mrs. Samuel (Emma)",0.3538177502307794,0,0,0.028302115124416098,0,0,1
1275,1,3,"McNamee, Mrs. Neal (Eileen O'Leary)",0.24831860741131478,1,0,0.031425107138144774,0,0,1
1276,0,2,"Wheeler, Mr. Edwin Frederick""""",0.3538177502307794,0,0,0.025130326360472913,1,0,1
1277,1,2,"Herman, Miss. Kate",0.31425557167348017,1,2,0.12687155055772734,0,0,1
1278,0,3,"Aronsson, Mr. Ernst Axel Algot",0.31425557167348017,0,0,0.015175789316712771,1,0,1
1279,0,2,"Ashby, Mr. John",0.7494395358037717,0,0,0.025374310111545468,1,0,1
1280,0,3,"Canavan, Mr. Patrick",0.27469339311618096,0,0,0.015126992566498259,1,1,0
1281,0,3,"Palsson, Master. Paul Folke",0.07688250032968483,3,1,0.04113566043083236,1,0,1
1282,0,1,"Payne, Mr. Vivian Ponsonby",0.3010681788210471,0,0,0.18249984580226933,1,0,1
1283,1,1,"Lines, Mrs. Ernest H (Elizabeth Lindsey James)",0.6703151786891732,0,1,0.07690367833806856,0,0,1
1284,0,3,"Abbott, Master. Eugene Joseph",0.16919425029671636,0,2,0.03952536767375352,1,0,1
1285,0,2,"Gilbert, Mr. William",0.6175656072794409,0,0,0.020494635090094415,1,0,1
1286,0,3,"Kink-Heilmann, Mr. Anton",0.38019253593564556,3,1,0.04298993693898376,1,0,1
1287,1,1,"Smith, Mrs. Lucien Philip (Mary Eloise Hughes)",0.23513121455888172,1,0,0.11711220051482524,0,0,1
1288,0,3,"Colbert, Mr. Patrick",0.31425557167348017,0,0,0.014151057562208049,1,1,0
1289,1,1,"Frolicher-Stehli, Mrs. Maxmillian (Margaretha Emerentia Stehli)",0.630753000131874,1,1,0.15458810467956932,0,0,0
1290,0,3,"Larsson-Rondberg, Mr. Edvard A",0.287880785968614,0,0,0.015175789316712771,1,0,1
1291,0,3,"Conlon, Mr. Thomas Henry",0.4065673216405117,0,0,0.015094396337354966,1,1,0
1292,1,1,"Bonnell, Miss. Caroline",0.3933799287880786,0,0,0.32179836714362564,0,0,1
1293,0,2,"Gale, Mr. Harry",0.4988790716075432,1,0,0.04098927018018883,1,0,1
1294,1,1,"Gibson, Miss. Dorothy Winifred",0.287880785968614,0,1,0.11594107850967697,0,0,0
1295,0,1,"Carrau, Mr. Jose Pedro",0.22194382170644866,0,0,0.09193307740413781,1,0,1
1296,0,1,"Frauenthal, Mr. Isaac Gerald",0.5648160358697086,1,0,0.05410739813385612,1,0,0
1297,0,2,"Nourney, Mr. Alfred (Baron von Drachstedt"")""",0.2615060002637479,0,0,0.02705779799394608,1,0,0
1298,0,2,"Ware, Mr. William Jeffery",0.3010681788210471,1,0,0.020494635090094415,1,0,1
1299,0,1,"Widener, Mr. George Dunton",0.6571277858367401,1,1,0.41282050681475896,1,0,0
1300,1,3,"Riordan, Miss. Johanna Hannah""""",0.3538177502307794,0,0,0.01506999796224771,0,1,0
1301,1,3,"Peacock, Miss. Treasteall",0.0373203217723856,1,1,0.026887009368195294,0,0,1
1302,1,3,"Naughton, Miss. Hannah",0.3538177502307794,0,0,0.015126992566498259,0,1,0
1303,1,1,"Minahan, Mrs. William Edward (Lillian E Thorpe)",0.48569167875511016,1,0,0.17566830077223786,0,1,0
1304,1,3,"Henriksson, Miss. Jenny Lovisa",0.36700514308321247,0,0,0.015175789316712771,0,0,1
1305,0,3,"Spector, Mr. Woolf",0.3538177502307794,0,0,0.015712553569072387,1,0,1
1306,1,1,"Oliva y Ocana, Dona. Fermina",0.5120664644599763,0,0,0.2125586439344078,0,0,0
1307,0,3,"Saether, Mr. Simon Sivertsen",0.5054727680337597,0,0,0.014151057562208049,1,0,1
1308,0,3,"Ware, Mr. Frederick",0.3538177502307794,0,0,0.015712553569072387,1,0,1
1309,0,3,"Peter, Master. Michael J",0.3538177502307794,1,1,0.04364049521284362,1,0,0
